actual,predicted
2520,2510.0
3960,4559.0
610,319.0
3800,3628.0
2120,2155.0
3880,3926.0
1120,1494.0
3530,3487.0
7950,6951.0
560,257.0
7060,6831.0
1170,864.0
3680,4072.0
3290,3375.0
2090,2289.0
3290,3678.0
4040,4139.0
2760,2934.0
870,805.0
4420,4007.0
1480,1642.0
3630,3958.0
2930,2997.0
6640,6499.0
2040,2051.0
2050,1857.0
5580,6497.0
1250,1084.0
3810,3671.0
4080,4499.0
2000,2562.0
6800,6601.0
5810,6581.0
1660,1924.0
2910,2789.0
3440,3566.0
3420,3383.0
3070,3237.0
2110,2439.0
13080,13202.0
1140,1604.0
1890,2129.0
2420,2501.0
910,948.0
1230,1066.0
2830,3763.0
1370,1377.0
11120,11209.0
3050,3087.0
4100,4036.0
6270,6924.0
3220,3415.0
1600,1576.0
3200,3709.0
4420,5590.0
2780,2891.0
6170,5416.0
4920,5315.0
1030,1156.0
6240,6226.0
1680,1620.0
13640,15431.0
1800,1765.0
5100,5749.0
7910,6769.0
1650,1419.0
4740,5386.0
3030,3440.0
12620,12280.0
4520,4552.0
1350,1622.0
5880,5185.0
2940,2854.0
5650,5846.0
10360,10096.0
1770,2068.0
15310,14619.0
1480,1768.0
3470,3465.0
3560,4483.0
2840,2757.0
3560,3736.0
3750,4279.0
5030,5494.0
2850,3439.0
5290,5373.0
2440,2840.0
3460,3485.0
2140,2023.0
2330,1958.0
4050,4019.0
3300,3800.0
3930,3879.0
2210,2344.0
2760,3138.0
10220,11025.0
5130,5308.0
5670,5888.0
6270,5435.0
15710,14759.0
5310,4925.0
12230,10990.0
10860,9928.0
2430,2218.0
1140,1239.0
2660,2847.0
2620,2686.0
1930,1948.0
10530,10367.0
1100,672.0
1610,1491.0
7600,8716.0
9670,8477.0
9450,11521.0
3510,3950.0
2090,2439.0
1290,1020.0
1760,2037.0
2620,2420.0
6790,6774.0
3120,3052.0
4650,4275.0
2600,2569.0
2780,2813.0
1660,1959.0
1770,1915.0
6430,6429.0
2960,3648.0
2580,2792.0
7090,5943.0
3640,3045.0
4240,4703.0
3850,3858.0
2080,2325.0
5440,5786.0
3460,3076.0
2760,2859.0
9270,7638.0
3400,3837.0
2050,1995.0
3200,3116.0
2160,2032.0
15650,14164.0
6470,6224.0
4440,4095.0
850,679.0
2700,3004.0
1060,1117.0
2120,2139.0
2130,2157.0
11360,10140.0
5060,5290.0
4290,3967.0
4240,4348.0
1310,1069.0
4330,4270.0
5040,4457.0
2480,2416.0
1040,906.0
24650,23434.0
5030,5399.0
9490,9166.0
1510,1991.0
1260,1309.0
2840,3203.0
2980,2641.0
3030,3031.0
12540,12843.0
4820,5016.0
1470,1691.0
1610,1895.0
1820,2386.0
3950,4114.0
1150,968.0
7440,7085.0
7560,7641.0
6600,6895.0
6370,6758.0
1790,2069.0
1630,1813.0
1170,1208.0
3970,4167.0
9840,10066.0
6380,6731.0
3310,3102.0
3280,3039.0
2410,2342.0
2580,2607.0
2400,2821.0
3440,3151.0
1230,1271.0
11730,13174.0
11520,11323.0
11370,11179.0
10390,9519.0
1940,1948.0
6420,5617.0
7120,7705.0
810,792.0
15210,14838.0
